date,window_length_requested,actual_length,beta,pinned
1992-11-12,200,200,2.515130612679029e-16,False
1992-11-12,300,300,0.9379826431451568,False
1992-11-12,500,500,0.992338930278164,False
1992-11-12,750,725,0.9999999849505032,True
1992-11-12,1000,725,0.9999999849505032,True
1992-11-12,1500,725,0.9999999849505032,True
1992-11-13,200,200,8.55649686492796e-09,False
1992-11-13,300,300,0.940224614167753,False
1992-11-13,500,500,7.172819017792805e-16,False
1992-11-13,750,726,0.9999332504524844,True
1992-11-13,1000,726,0.9999332504524844,True
1992-11-13,1500,726,0.9999332504524844,True
1992-11-17,200,200,0.5106402788020736,False
1992-11-17,300,300,0.927782723366849,False
1992-11-17,500,500,0.9963280348350722,False
1992-11-17,750,728,0.9999999991265495,True
1992-11-17,1000,728,0.9999999991265495,True
1992-11-17,1500,728,0.9999999991265495,True
1992-11-19,200,200,0.9453435463007537,False
1992-11-19,300,300,0.9084381159523851,False
1992-11-19,500,500,0.9999999736906323,True
1992-11-19,750,730,0.9999999989017772,True
1992-11-19,1000,730,0.9999999989017772,True
1992-11-19,1500,730,0.9999999989017772,True
1992-12-01,200,200,0.0,False
1992-12-01,300,300,0.9999999999998758,True
1992-12-01,500,500,0.9995650619885327,False
1992-12-01,750,737,1.0,True
1992-12-01,1000,737,1.0,True
1992-12-01,1500,737,1.0,True
1992-12-03,200,200,0.9011790407174526,False
1992-12-03,300,300,0.9995244761477049,False
1992-12-03,500,500,1.2612591607689995e-18,False
1992-12-03,750,739,1.0,True
1992-12-03,1000,739,1.0,True
1992-12-03,1500,739,1.0,True
1992-12-16,200,200,0.9084312936220379,False
1992-12-16,300,300,0.9996696364641589,False
1992-12-16,500,500,0.999514752415261,False
1992-12-16,750,748,1.0,True
1992-12-16,1000,748,1.0,True
1992-12-16,1500,748,1.0,True
1992-12-22,200,200,0.6406964570397429,False
1992-12-22,300,300,0.9894822436406959,False
1992-12-22,500,500,0.9916462545756175,False
1992-12-22,750,750,0.9990862763787797,False
1992-12-22,1000,752,0.9999964291109675,True
1992-12-22,1500,752,0.9999964291109675,True
1992-12-30,200,200,0.9772439503029672,False
1992-12-30,300,300,0.3803562630082765,False
1992-12-30,500,500,0.8796210550896018,False
1992-12-30,750,750,0.9999410205908347,True
1992-12-30,1000,757,0.9999999970493475,True
1992-12-30,1500,757,0.9999999970493475,True
1993-01-04,200,200,0.9599468884959186,False
1993-01-04,300,300,0.987825339506911,False
1993-01-04,500,500,0.6284616016987008,False
1993-01-04,750,750,0.9999841926618084,True
1993-01-04,1000,759,0.9999164856013745,True
1993-01-04,1500,759,0.9999164856013745,True
1993-01-05,200,200,0.9738503572429773,False
1993-01-05,300,300,3.73921777822416e-17,False
1993-01-05,500,500,1.0,True
1993-01-05,750,750,0.6329262149700867,False
1993-01-05,1000,760,0.9999771625377378,True
1993-01-05,1500,760,0.9999771625377378,True
1993-01-12,200,200,0.3960328222760971,False
1993-01-12,300,300,0.9858679175306643,False
1993-01-12,500,500,0.9990097968960269,False
1993-01-12,750,750,0.9989709792666133,False
1993-01-12,1000,765,1.0,True
1993-01-12,1500,765,1.0,True
1993-02-16,200,200,0.07766557581661127,False
1993-02-16,300,300,0.9881046374481666,False
1993-02-16,500,500,0.9996302823552201,False
1993-02-16,750,750,0.9953783194414728,False
1993-02-16,1000,789,0.9999405469962747,True
1993-02-16,1500,789,0.9999405469962747,True
1993-02-22,200,200,0.8850403050433343,False
1993-02-22,300,300,1.0,True
1993-02-22,500,500,0.9998494948909682,False
1993-02-22,750,750,0.9953793721582974,False
1993-02-22,1000,793,0.9999615392547736,True
1993-02-22,1500,793,0.9999615392547736,True
1993-02-24,200,200,0.9151917776810435,False
1993-02-24,300,300,1.0,True
1993-02-24,500,500,0.9999320038817523,True
1993-02-24,750,750,0.99578257853592,False
1993-02-24,1000,795,0.9999999417904205,True
1993-02-24,1500,795,0.9999999417904205,True
1993-02-26,200,200,0.9067856622699356,False
1993-02-26,300,300,0.9877459323919011,False
1993-02-26,500,500,0.9968206007020365,False
1993-02-26,750,750,0.9940357111369197,False
1993-02-26,1000,797,0.9999999999999993,True
1993-02-26,1500,797,0.9999999999999993,True
1993-03-03,200,200,0.9384094466443993,False
1993-03-03,300,300,0.0,False
1993-03-03,500,500,0.999999999412489,True
1993-03-03,750,750,0.9941041383878068,False
1993-03-03,1000,800,1.0,True
1993-03-03,1500,800,1.0,True
1993-03-05,200,200,0.8809023171170389,False
1993-03-05,300,300,0.9664789146355227,False
1993-03-05,500,500,0.9970080083652271,False
1993-03-05,750,750,0.994656253065159,False
1993-03-05,1000,802,1.0,True
1993-03-05,1500,802,1.0,True
1993-05-06,200,200,0.5622337807339851,False
1993-05-06,300,300,0.3606004086360749,False
1993-05-06,500,500,0.8334002552644162,False
1993-05-06,750,750,0.9989210324700467,False
1993-05-06,1000,845,1.0,True
1993-05-06,1500,845,1.0,True
1993-05-17,200,200,0.4650189895232048,False
1993-05-17,300,300,0.6573363948206206,False
1993-05-17,500,500,0.000732664050597951,False
1993-05-17,750,750,0.6089014589981148,False
1993-05-17,1000,852,1.0,True
1993-05-17,1500,852,1.0,True
1993-06-03,200,200,0.5883649797353976,False
1993-06-03,300,300,0.9752203727388974,False
1993-06-03,500,500,0.9956914899078275,False
1993-06-03,750,750,0.972301728542992,False
1993-06-03,1000,864,1.0,True
1993-06-03,1500,864,1.0,True
1993-07-06,200,200,0.5617913113559888,False
1993-07-06,300,300,0.6880958999090107,False
1993-07-06,500,500,0.784147893964532,False
1993-07-06,750,750,0.9954114645508649,False
1993-07-06,1000,886,1.0,True
1993-07-06,1500,886,1.0,True
1993-08-02,200,200,0.44648703482746444,False
1993-08-02,300,300,0.6346659333329827,False
1993-08-02,500,500,1.6089411696087138e-13,False
1993-08-02,750,750,0.23454365353998463,False
1993-08-02,1000,905,1.0,True
1993-08-02,1500,905,1.0,True
1993-08-20,200,200,0.35696273407542534,False
1993-08-20,300,300,0.5753594301066356,False
1993-08-20,500,500,0.9820569953895828,False
1993-08-20,750,750,0.9999999993588428,True
1993-08-20,1000,919,1.0,True
1993-08-20,1500,919,1.0,True
1993-09-02,200,200,0.3516274013776164,False
1993-09-02,300,300,0.5478383324136163,False
1993-09-02,500,500,0.9797904321561834,False
1993-09-02,750,750,0.9993808128857342,False
1993-09-02,1000,928,0.999906327170466,True
1993-09-02,1500,928,0.999906327170466,True
1993-09-16,200,200,0.3586291715607755,False
1993-09-16,300,300,0.9319359274871227,False
1993-09-16,500,500,0.0,False
1993-09-16,750,750,0.9527310809811786,False
1993-09-16,1000,937,0.99993005415296,True
1993-09-16,1500,937,0.99993005415296,True
1993-09-28,200,200,0.3247873341371859,False
1993-09-28,300,300,0.5897383414557087,False
1993-09-28,500,500,0.9963378654544007,False
1993-09-28,750,750,0.9979786450013444,False
1993-09-28,1000,945,0.9999987888503852,True
1993-09-28,1500,945,0.9999987888503852,True
1993-09-30,200,200,0.3103883688033603,False
1993-09-30,300,300,0.5717122711064775,False
1993-09-30,500,500,0.995390816179358,False
1993-09-30,750,750,0.9577375829638681,False
1993-09-30,1000,947,1.0,True
1993-09-30,1500,947,1.0,True
1993-10-15,200,200,2.873024534340575e-17,False
1993-10-15,300,300,0.4929057193618191,False
1993-10-15,500,500,0.9912392053659816,False
1993-10-15,750,750,0.911666507415186,False
1993-10-15,1000,958,0.9999999881689069,True
1993-10-15,1500,958,0.9999999881689069,True
1993-10-25,200,200,0.0,False
1993-10-25,300,300,0.5259902917382793,False
1993-10-25,500,500,0.464935492588736,False
1993-10-25,750,750,0.9972380161575228,False
1993-10-25,1000,964,0.999999999999983,True
1993-10-25,1500,964,0.999999999999983,True
1993-10-27,200,200,5.172502232355018e-17,False
1993-10-27,300,300,0.506289615165461,False
1993-10-27,500,500,0.984435910334428,False
1993-10-27,750,750,2.656177204860912e-07,False
1993-10-27,1000,966,1.0,True
1993-10-27,1500,966,1.0,True
1993-11-01,200,200,0.0,False
1993-11-01,300,300,0.5149607250812291,False
1993-11-01,500,500,1.0,True
1993-11-01,750,750,0.9998405102811986,False
1993-11-01,1000,969,0.9999545683190758,True
1993-11-01,1500,969,0.9999545683190758,True
1993-11-03,200,200,2.2687122788238573e-16,False
1993-11-03,300,300,0.4971898862159233,False
1993-11-03,500,500,0.8426508881739831,False
1993-11-03,750,750,0.999440848351686,False
1993-11-03,1000,971,1.0,True
1993-11-03,1500,971,1.0,True
1993-11-15,200,200,6.5687558900712616e-15,False
1993-11-15,300,300,0.49339735751226965,False
1993-11-15,500,500,3.6689222022573407e-13,False
1993-11-15,750,750,0.9987435286170937,False
1993-11-15,1000,979,1.0,True
1993-11-15,1500,979,1.0,True
1993-11-26,200,200,0.6667899081198218,False
1993-11-26,300,300,0.48531708261201895,False
1993-11-26,500,500,0.9926109186206011,False
1993-11-26,750,750,0.9991064956467685,False
1993-11-26,1000,987,0.9999999999999464,True
1993-11-26,1500,987,0.9999999999999464,True
1993-11-29,200,200,0.9582816523442936,False
1993-11-29,300,300,0.4983589375849572,False
1993-11-29,500,500,0.03252873928198214,False
1993-11-29,750,750,0.0,False
1993-11-29,1000,988,1.0,True
1993-11-29,1500,988,1.0,True
1993-12-01,200,200,5.852541875564362e-17,False
1993-12-01,300,300,4.818041440249342e-11,False
1993-12-01,500,500,2.941417377110318e-12,False
1993-12-01,750,750,0.0,False
1993-12-01,1000,990,0.9999999652665139,True
1993-12-01,1500,990,0.9999999652665139,True
1993-12-09,200,200,0.7174321155576516,False
1993-12-09,300,300,0.0,False
1993-12-09,500,500,0.9911482232496447,False
1993-12-09,750,750,0.0,False
1993-12-09,1000,996,0.9999999764823175,True
1993-12-09,1500,996,0.9999999764823175,True
1993-12-17,200,200,0.0007184388256311558,False
1993-12-17,300,300,1.0545008951160135e-15,False
1993-12-17,500,500,0.967297885452436,False
1993-12-17,750,750,0.9994918246619201,False
1993-12-17,1000,1000,0.9999984783505557,True
1993-12-17,1500,1002,0.9999999998077997,True
1994-01-12,200,200,0.7222565991674287,False
1994-01-12,300,300,2.800898472830776e-16,False
1994-01-12,500,500,0.9739661240807367,False
1994-01-12,750,750,0.9985773081820221,False
1994-01-12,1000,1000,0.9996296123487972,False
1994-01-12,1500,1019,0.9999999999999969,True
1994-01-28,200,200,0.2799424724008262,False
1994-01-28,300,300,1.3425729388414245e-16,False
1994-01-28,500,500,0.9734455089970732,False
1994-01-28,750,750,0.9998968970506464,False
1994-01-28,1000,1000,0.999534281928058,False
1994-01-28,1500,1031,1.0,True
1994-02-04,200,200,0.811879186983204,False
1994-02-04,300,300,5.540625389890841e-16,False
1994-02-04,500,500,0.9722748683874534,False
1994-02-04,750,750,0.08968023696752209,False
1994-02-04,1000,1000,0.9983283308207469,False
1994-02-04,1500,1036,1.0,True
1994-02-22,200,200,0.9728795114817069,False
1994-02-22,300,300,6.351991760465952e-17,False
1994-02-22,500,500,0.9699475635055366,False
1994-02-22,750,750,0.9997461075329587,False
1994-02-22,1000,1000,0.9974407782223752,False
1994-02-22,1500,1047,0.9999982934174525,True
1994-03-24,200,200,0.11598333978381332,False
1994-03-24,300,300,3.603509044175128e-18,False
1994-03-24,500,500,0.9686697645822667,False
1994-03-24,750,750,0.9969669869920224,False
1994-03-24,1000,1000,0.9990854295637913,False
1994-03-24,1500,1069,1.0,True
1994-05-02,200,200,0.1767452874409904,False
1994-05-02,300,300,0.0,False
1994-05-02,500,500,0.9221823510014608,False
1994-05-02,750,750,0.27074547821983247,False
1994-05-02,1000,1000,0.9996716760741571,False
1994-05-02,1500,1094,0.9999999999998265,True
1994-05-10,200,200,0.4688551665911269,False
1994-05-10,300,300,0.8198975158878833,False
1994-05-10,500,500,0.9221916758839316,False
1994-05-10,750,750,0.0,False
1994-05-10,1000,1000,0.0,False
1994-05-10,1500,1100,1.0,True
1994-05-16,200,200,0.9999999715389928,True
1994-05-16,300,300,0.810760683446823,False
1994-05-16,500,500,0.9219301739113218,False
1994-05-16,750,750,0.9971772118581314,False
1994-05-16,1000,1000,0.3287506414115006,False
1994-05-16,1500,1104,1.0,True
1994-05-19,200,200,0.8760367329343236,False
1994-05-19,300,300,0.8449830120294094,False
1994-05-19,500,500,0.9366840839776022,False
1994-05-19,750,750,0.4821607569777408,False
1994-05-19,1000,1000,0.00025033281054757586,False
1994-05-19,1500,1107,1.0,True
1994-05-25,200,200,0.4300051591777548,False
1994-05-25,300,300,0.0005306071620353967,False
1994-05-25,500,500,0.9364476859990706,False
1994-05-25,750,750,1.0,True
1994-05-25,1000,1000,0.9693049418537567,False
1994-05-25,1500,1111,1.0,True
1994-06-14,200,200,0.9749065770874967,False
1994-06-14,300,300,1.0,True
1994-06-14,500,500,0.9124951857297032,False
1994-06-14,750,750,0.9782618161452835,False
1994-06-14,1000,1000,0.9989931233475622,False
1994-06-14,1500,1124,1.0,True
1994-06-27,200,200,0.8766499232166134,False
1994-06-27,300,300,0.8761031769842085,False
1994-06-27,500,500,0.887452411027597,False
1994-06-27,750,750,0.8583201145448538,False
1994-06-27,1000,1000,0.0,False
1994-06-27,1500,1133,0.9999953023650748,True
1994-07-21,200,200,9.659200260088837e-18,False
1994-07-21,300,300,0.9564062989379901,False
1994-07-21,500,500,0.8072988463725634,False
1994-07-21,750,750,0.8466907693547876,False
1994-07-21,1000,1000,1.0,True
1994-07-21,1500,1150,1.0,True
1994-08-04,200,200,0.8661719729340879,False
1994-08-04,300,300,0.8602388893132492,False
1994-08-04,500,500,0.8061105197425052,False
1994-08-04,750,750,0.8789821577515902,False
1994-08-04,1000,1000,0.6490545996740636,False
1994-08-04,1500,1160,1.0,True
1994-08-22,200,200,0.9264381385355998,False
1994-08-22,300,300,0.8670349210500022,False
1994-08-22,500,500,0.812615304875565,False
1994-08-22,750,750,0.9720155313431346,False
1994-08-22,1000,1000,0.9995948648389907,False
1994-08-22,1500,1172,1.0,True
1994-08-26,200,200,0.8327772609297803,False
1994-08-26,300,300,0.8496187628861916,False
1994-08-26,500,500,0.8433831769917743,False
1994-08-26,750,750,0.974118414098663,False
1994-08-26,1000,1000,0.9978511334724883,False
1994-08-26,1500,1176,1.0,True
1994-08-29,200,200,0.8462433806756573,False
1994-08-29,300,300,0.8351096051790942,False
1994-08-29,500,500,0.8352060200282531,False
1994-08-29,750,750,0.8903758196659113,False
1994-08-29,1000,1000,0.9298253842846036,False
1994-08-29,1500,1177,0.9999917700853695,True
1994-09-07,200,200,0.9572250263820283,False
1994-09-07,300,300,0.8311032154376183,False
1994-09-07,500,500,0.7952778750060236,False
1994-09-07,750,750,0.9705516127512915,False
1994-09-07,1000,1000,1.0,True
1994-09-07,1500,1183,0.999932755132509,True
1994-09-09,200,200,0.0,False
1994-09-09,300,300,0.8369692628815154,False
1994-09-09,500,500,0.7938018888702781,False
1994-09-09,750,750,0.9770935841926592,False
1994-09-09,1000,1000,1.0,True
1994-09-09,1500,1185,0.9999999999987412,True
1994-09-13,200,200,0.9558327925242348,False
1994-09-13,300,300,0.8392892779356549,False
1994-09-13,500,500,0.7873915681517761,False
1994-09-13,750,750,0.9774075694107546,False
1994-09-13,1000,1000,0.996308745082071,False
1994-09-13,1500,1187,1.0,True
1994-09-28,200,200,0.999999999999399,True
1994-09-28,300,300,0.8428894223143671,False
1994-09-28,500,500,0.7824425184293123,False
1994-09-28,750,750,0.9972929571639289,False
1994-09-28,1000,1000,0.9969740219650215,False
1994-09-28,1500,1198,0.9999999999782913,True
1994-10-04,200,200,0.8971866964898805,False
1994-10-04,300,300,0.8448852855003013,False
1994-10-04,500,500,0.7678132061781123,False
1994-10-04,750,750,0.4161076037155231,False
1994-10-04,1000,1000,1.0,True
1994-10-04,1500,1202,0.999999999999965,True
1994-11-10,200,200,0.9291621170592144,False
1994-11-10,300,300,0.8575235321223732,False
1994-11-10,500,500,0.8375664097152806,False
1994-11-10,750,750,0.9789744674777993,False
1994-11-10,1000,1000,0.9978593179148466,False
1994-11-10,1500,1229,1.0,True
1994-11-18,200,200,0.8399611493023161,False
1994-11-18,300,300,0.8561409966303452,False
1994-11-18,500,500,0.8372082487943797,False
1994-11-18,750,750,0.9634234714689666,False
1994-11-18,1000,1000,0.998046444512727,False
1994-11-18,1500,1235,1.0,True
1994-11-30,200,200,0.005117105612458822,False
1994-11-30,300,300,0.8710228358732222,False
1994-11-30,500,500,0.8215968653654514,False
1994-11-30,750,750,0.9783420088480839,False
1994-11-30,1000,1000,0.9986054991818462,False
1994-11-30,1500,1242,0.9999999988943373,True
1994-12-19,200,200,0.01634997627794912,False
1994-12-19,300,300,0.8637349280610664,False
1994-12-19,500,500,0.8203417076801279,False
1994-12-19,750,750,0.9306573287459384,False
1994-12-19,1000,1000,1.0,True
1994-12-19,1500,1255,0.9999999999968139,True
1994-12-21,200,200,0.8439873896892047,False
1994-12-21,300,300,0.8538582422428306,False
1994-12-21,500,500,0.8099252957377449,False
1994-12-21,750,750,0.928355016871364,False
1994-12-21,1000,1000,0.10096106537399765,False
1994-12-21,1500,1257,0.9999999879765192,True
1995-02-02,200,200,0.8693473920597793,False
1995-02-02,300,300,0.8971475280658993,False
1995-02-02,500,500,0.8872853383318543,False
1995-02-02,750,750,0.9183887575252535,False
1995-02-02,1000,1000,6.1478929194890035e-09,False
1995-02-02,1500,1286,1.0,True
1995-02-14,200,200,0.8729921602401772,False
1995-02-14,300,300,0.8817657694014293,False
1995-02-14,500,500,0.8584084155362074,False
1995-02-14,750,750,0.9216938399941133,False
1995-02-14,1000,1000,0.9998410572274697,False
1995-02-14,1500,1294,1.0,True
1995-02-21,200,200,0.8746583394545254,False
1995-02-21,300,300,0.8800277589049335,False
1995-02-21,500,500,0.8618497394443055,False
1995-02-21,750,750,0.920228950904346,False
1995-02-21,1000,1000,0.9991524355146816,False
1995-02-21,1500,1298,0.9999999999400448,True
1995-02-22,200,200,0.8861259064993442,False
1995-02-22,300,300,0.880403342675681,False
1995-02-22,500,500,0.8670267819214084,False
1995-02-22,750,750,0.9202090596726563,False
1995-02-22,1000,1000,0.00015830246955314954,False
1995-02-22,1500,1299,0.9999982943879016,True
1995-03-02,200,200,0.8884395494838522,False
1995-03-02,300,300,0.8706233583771772,False
1995-03-02,500,500,0.8515599755524667,False
1995-03-02,750,750,0.9076233490377612,False
1995-03-02,1000,1000,0.0,False
1995-03-02,1500,1305,1.0,True
1995-03-28,200,200,0.8509558464069911,False
1995-03-28,300,300,0.868425902707365,False
1995-03-28,500,500,0.85515770247816,False
1995-03-28,750,750,0.9225951748646136,False
1995-03-28,1000,1000,0.9838496644198369,False
1995-03-28,1500,1323,1.0,True
1995-05-01,200,200,0.917541658611238,False
1995-05-01,300,300,0.8741873573955773,False
1995-05-01,500,500,0.8863325828420745,False
1995-05-01,750,750,0.9046686395761872,False
1995-05-01,1000,1000,0.9727315858842855,False
1995-05-01,1500,1346,0.9999999994438968,True
1995-05-04,200,200,0.9140828577314569,False
1995-05-04,300,300,0.8719120421599504,False
1995-05-04,500,500,0.8849124002976713,False
1995-05-04,750,750,0.9032057674135976,False
1995-05-04,1000,1000,0.9706696956311818,False
1995-05-04,1500,1349,1.0,True
1995-05-10,200,200,0.9107097907863476,False
1995-05-10,300,300,0.8732822339385868,False
1995-05-10,500,500,0.8813906589245722,False
1995-05-10,750,750,0.9027344246525429,False
1995-05-10,1000,1000,0.9713821125633919,False
1995-05-10,1500,1353,1.0,True
1995-05-25,200,200,0.8990330481795529,False
1995-05-25,300,300,0.8733854675884937,False
1995-05-25,500,500,0.855628456161114,False
1995-05-25,750,750,0.8911274503128498,False
1995-05-25,1000,1000,0.9592214464800508,False
1995-05-25,1500,1364,1.0,True
1995-05-30,200,200,0.8940375932720869,False
1995-05-30,300,300,0.8699097861407536,False
1995-05-30,500,500,0.8537378152055854,False
1995-05-30,750,750,0.8862063802519001,False
1995-05-30,1000,1000,0.9535705490019407,False
1995-05-30,1500,1366,0.9999999971619098,True
1995-06-02,200,200,0.8978819802146651,False
1995-06-02,300,300,0.8663424874459601,False
1995-06-02,500,500,0.8491510704866284,False
1995-06-02,750,750,0.8795073407485697,False
1995-06-02,1000,1000,0.9469551542317781,False
1995-06-02,1500,1369,0.9999999999999934,True
