strategy,direction,entry_date,exit_date,days_held,trade_return,exit_reason
vol_breakout,-1,2011-06-13,2011-06-15,2,-0.0132014460446088,regime_flip
vol_breakout,-1,2011-06-16,2011-06-21,3,-0.010173877357640599,regime_flip
mean_reversion,-1,2011-07-05,2011-07-19,10,0.0258832439660254,max_hold
mean_reversion,1,2011-08-01,2011-08-05,4,-0.0740282791478792,regime_flip
vol_breakout,-1,2011-08-05,2011-08-10,3,0.023216011318509297,trailing_stop
vol_breakout,1,2011-08-10,2011-08-11,1,-0.0451567970274746,trailing_stop
vol_breakout,-1,2011-08-11,2011-08-12,1,-0.0452505943637717,trailing_stop
vol_breakout,1,2011-08-12,2011-08-19,5,-0.027659332926861194,trailing_stop
vol_breakout,-1,2011-08-19,2011-08-24,3,-0.0188455001314905,regime_flip
vol_breakout,-1,2011-09-06,2011-09-08,2,-0.0207797485015373,regime_flip
vol_breakout,-1,2011-09-12,2011-09-14,2,-0.0160202943623772,regime_flip
mean_reversion,1,2011-09-23,2011-10-03,6,0.0016452915875307984,reverted
vol_breakout,-1,2011-10-04,2011-10-06,2,-0.0399472250766654,regime_flip
mean_reversion,-1,2011-10-11,2011-10-18,5,-0.004983811382783299,reverted
mean_reversion,-1,2011-10-28,2011-11-01,2,0.0246594630844364,reverted
vol_breakout,-1,2011-11-25,2011-11-29,2,-0.0261319597383593,regime_flip
mean_reversion,-1,2011-12-02,2011-12-16,10,0.0234369179928614,max_hold
mean_reversion,-1,2011-12-28,2011-12-29,1,0.0125565062565025,reverted
mean_reversion,-1,2012-02-07,2012-02-13,4,0.0012578790589419,reverted
mean_reversion,1,2012-03-07,2012-03-12,3,0.0202716439184483,reverted
mean_reversion,-1,2012-03-14,2012-03-28,10,-0.0118002049560717,max_hold
mean_reversion,1,2012-04-11,2012-04-24,9,0.006127250108326196,reverted
mean_reversion,1,2012-05-10,2012-05-16,4,-0.0178163253067378,regime_flip
vol_breakout,-1,2012-05-18,2012-05-22,2,-0.008493482569083902,regime_flip
mean_reversion,-1,2012-07-03,2012-07-16,8,0.006413725407463867,reverted
mean_reversion,-1,2012-07-20,2012-07-23,1,0.0101126205341683,reverted
mean_reversion,-1,2012-09-10,2012-09-21,9,-0.015416853255219198,reverted
vol_breakout,-1,2012-10-22,2012-10-23,1,-0.0004394856785507,regime_flip
mean_reversion,1,2012-10-24,2012-11-05,6,0.0007710268055368015,reverted
vol_breakout,-1,2012-11-08,2012-11-15,5,0.028394456576212,max_hold
vol_breakout,-1,2012-11-15,2012-11-20,3,-0.0229008355177065,regime_flip
mean_reversion,-1,2012-11-26,2012-12-04,6,-0.0002199215402604003,reverted
mean_reversion,1,2012-12-31,2013-01-02,1,0.0168000272698858,reverted
mean_reversion,-1,2013-01-07,2013-01-10,3,0.0037232970811738007,reverted
mean_reversion,-1,2013-03-06,2013-03-19,9,-0.0079627680857771,reverted
mean_reversion,-1,2013-04-15,2013-04-17,2,0.0090282837223006,reverted
mean_reversion,-1,2013-05-09,2013-05-23,10,-0.013783526664710877,reverted
vol_breakout,-1,2013-06-21,2013-06-25,2,0.0095531499061012,regime_flip
mean_reversion,-1,2013-07-12,2013-07-25,9,-0.006498119838900099,reverted
mean_reversion,1,2013-08-16,2013-08-23,5,-0.0026278602061935996,reverted
mean_reversion,-1,2013-09-11,2013-09-24,9,-0.010544026836629099,reverted
mean_reversion,-1,2013-10-17,2013-10-31,10,-0.023973496062446645,max_hold
mean_reversion,-1,2013-11-15,2013-11-21,4,0.0051791974233861,reverted
mean_reversion,-1,2013-12-23,2014-01-03,7,-0.0074843701715047,reverted
mean_reversion,1,2014-01-27,2014-02-03,5,-0.004310295981435,reverted
mean_reversion,-1,2014-02-12,2014-02-24,7,-0.0090263194897194,reverted
mean_reversion,1,2014-04-11,2014-04-16,3,0.0053862279285468,reverted
mean_reversion,1,2014-08-01,2014-08-11,6,0.0004763645586108988,reverted
mean_reversion,-1,2014-08-20,2014-08-29,7,-0.007611258901177488,reverted
mean_reversion,1,2014-09-26,2014-10-10,10,-0.01940383911449279,max_hold
vol_breakout,-1,2014-10-14,2014-10-21,5,-0.015492215653658402,regime_flip
mean_reversion,-1,2014-10-24,2014-11-07,10,-0.0403818858902357,max_hold
mean_reversion,1,2014-12-11,2014-12-26,10,0.0271387630078397,max_hold
mean_reversion,-1,2014-12-26,2014-12-31,3,0.0007350796242935002,reverted
mean_reversion,1,2015-01-06,2015-01-09,3,0.0203596492813318,reverted
mean_reversion,1,2015-03-11,2015-03-17,4,0.017952853463211398,reverted
mean_reversion,1,2015-06-30,2015-07-09,6,-0.005340648419612501,regime_flip
vol_breakout,-1,2015-07-09,2015-07-10,1,-0.00225964764482,regime_flip
mean_reversion,-1,2015-07-16,2015-07-23,5,-0.0031978804300142,reverted
vol_breakout,-1,2015-08-21,2015-08-27,4,0.0479036371765211,trailing_stop
vol_breakout,1,2015-08-27,2015-08-28,1,0.0240072544896898,regime_flip
vol_breakout,-1,2015-09-02,2015-09-09,4,-0.0286171155653959,trailing_stop
vol_breakout,1,2015-09-09,2015-09-16,5,0.004397692529225903,regime_flip
vol_breakout,-1,2015-09-29,2015-10-02,3,-0.0220999311948844,regime_flip
mean_reversion,-1,2015-10-06,2015-10-15,7,-0.00361186909375,reverted
mean_reversion,-1,2015-10-29,2015-11-02,2,0.0052713570690857,reverted
mean_reversion,1,2015-11-13,2015-11-19,4,0.018215615221004497,reverted
mean_reversion,-1,2015-11-23,2015-11-27,3,0.00014351451169060015,reverted
mean_reversion,1,2015-12-14,2015-12-18,4,0.0145627271848773,reverted
vol_breakout,-1,2016-01-07,2016-01-14,5,0.0515403066295049,max_hold
vol_breakout,-1,2016-01-14,2016-01-22,5,0.0113268089662997,max_hold
vol_breakout,-1,2016-01-26,2016-01-27,1,-0.0140452378303681,regime_flip
vol_breakout,-1,2016-02-08,2016-02-16,5,0.0081552988227881,max_hold
vol_breakout,1,2016-02-16,2016-02-17,1,0.0163817377416846,regime_flip
mean_reversion,-1,2016-02-22,2016-02-25,3,-0.006248113562920099,reverted
mean_reversion,-1,2016-03-08,2016-03-09,1,0.011303756056006,reverted
mean_reversion,-1,2016-04-19,2016-04-26,5,0.0031324009464128513,reverted
mean_reversion,-1,2016-06-01,2016-06-13,8,0.00041968930332650194,reverted
vol_breakout,-1,2016-06-28,2016-06-29,1,-0.0176141216040877,regime_flip
mean_reversion,-1,2016-07-06,2016-07-20,10,-0.035386637095140006,max_hold
mean_reversion,1,2016-09-12,2016-09-26,10,0.01718382775124729,max_hold
mean_reversion,-1,2016-11-10,2016-11-25,10,-0.0189841557378524,max_hold
mean_reversion,-1,2016-12-08,2016-12-19,7,-0.007432089935193201,reverted
mean_reversion,-1,2017-02-14,2017-03-01,10,-0.015085845816188498,reverted
mean_reversion,-1,2017-03-02,2017-03-08,4,0.0115736152692252,reverted
mean_reversion,-1,2017-04-26,2017-05-03,5,-0.0010711014658274002,reverted
mean_reversion,1,2017-05-18,2017-05-23,3,0.0155716051314253,reverted
mean_reversion,-1,2017-05-26,2017-06-09,9,-0.0077214286640899,reverted
vol_breakout,-1,2017-08-11,2017-08-14,1,-0.0012747571279874,regime_flip
vol_breakout,-1,2017-08-18,2017-08-21,1,0.0018370536613518,regime_flip
mean_reversion,-1,2017-10-04,2017-10-13,7,-0.006429998098943899,reverted
mean_reversion,-1,2017-11-29,2017-12-06,5,-0.0009626087689735999,reverted
mean_reversion,-1,2017-12-13,2017-12-28,10,-0.0069238891568641995,reverted
mean_reversion,-1,2018-01-05,2018-01-22,10,-0.031193542964051996,max_hold
mean_reversion,-1,2018-01-22,2018-02-05,10,0.017289177792107105,max_hold
mean_reversion,1,2018-02-05,2018-02-06,1,-0.0418425409383811,regime_flip
vol_breakout,-1,2018-02-06,2018-02-07,1,-0.0172905733489372,regime_flip
mean_reversion,1,2018-02-08,2018-02-09,1,-0.0382590522458015,regime_flip
vol_breakout,-1,2018-02-09,2018-02-13,2,-0.028644310877710098,regime_flip
mean_reversion,-1,2018-02-16,2018-02-23,4,0.010023704454648799,reverted
vol_breakout,-1,2018-03-23,2018-03-27,2,-0.005605233394284398,regime_flip
vol_breakout,-1,2018-03-28,2018-04-02,2,-0.0107548585943809,regime_flip
vol_breakout,-1,2018-04-03,2018-04-04,1,-0.0125359613157414,regime_flip
mean_reversion,-1,2018-05-11,2018-05-18,5,0.0010803152039989012,reverted
mean_reversion,-1,2018-07-10,2018-07-20,8,-0.007271925013918999,reverted
mean_reversion,-1,2018-08-30,2018-09-05,3,0.0059613956260324,reverted
vol_breakout,-1,2018-10-11,2018-10-17,4,-0.008664001179435703,regime_flip
vol_breakout,-1,2018-10-19,2018-10-22,1,0.0003612351352799,regime_flip
vol_breakout,-1,2018-10-25,2018-11-01,5,-0.0207315733999653,regime_flip
vol_breakout,-1,2018-11-13,2018-11-16,3,-0.0014588251020183005,regime_flip
vol_breakout,-1,2018-11-20,2018-11-27,4,0.006442770112307903,regime_flip
mean_reversion,-1,2018-12-03,2018-12-10,4,0.04713795041466,regime_flip
vol_breakout,-1,2018-12-10,2018-12-13,3,-0.0068090645579621,regime_flip
vol_breakout,-1,2018-12-17,2018-12-24,5,0.07312227713336916,max_hold
vol_breakout,-1,2018-12-24,2018-12-27,2,-0.020916604792491397,trailing_stop
vol_breakout,1,2018-12-27,2019-01-04,5,-0.008060137835497302,max_hold
vol_breakout,-1,2019-01-04,2019-01-07,1,-0.0337593990603473,regime_flip
mean_reversion,-1,2019-01-11,2019-01-28,10,-0.025895740726182698,max_hold
mean_reversion,-1,2019-02-05,2019-02-08,3,0.0069307384823886,reverted
mean_reversion,-1,2019-02-19,2019-02-28,7,-0.006027261596814801,reverted
mean_reversion,-1,2019-03-18,2019-04-01,10,-0.004214315935238902,max_hold
mean_reversion,-1,2019-04-04,2019-04-12,6,-0.005179078275789284,reverted
mean_reversion,1,2019-05-08,2019-05-14,4,-0.0253457891199272,regime_flip
vol_breakout,-1,2019-05-14,2019-05-16,2,-0.0138059818509387,regime_flip
vol_breakout,-1,2019-05-24,2019-05-28,1,-0.0013526437720372,regime_flip
vol_breakout,-1,2019-06-03,2019-06-05,2,-0.0184368564267699,regime_flip
mean_reversion,-1,2019-06-10,2019-06-18,6,-0.005667134938627199,reverted
mean_reversion,-1,2019-07-05,2019-07-12,5,-0.0013642523588134987,reverted
mean_reversion,1,2019-08-05,2019-08-06,1,-0.0302301821696948,regime_flip
vol_breakout,-1,2019-08-06,2019-08-09,3,-0.0322880687118905,regime_flip
vol_breakout,-1,2019-08-15,2019-08-19,2,-0.0167842948704252,regime_flip
vol_breakout,-1,2019-08-26,2019-08-27,1,-0.010923112730798,regime_flip
vol_breakout,-1,2019-10-03,2019-10-04,1,-0.0079403047738662,regime_flip
mean_reversion,-1,2019-10-16,2019-10-23,5,-0.00010349655373979947,reverted
mean_reversion,-1,2019-11-29,2019-12-03,2,0.012687769923953499,reverted
mean_reversion,-1,2019-12-17,2019-12-31,9,-0.00930656889632945,reverted
mean_reversion,-1,2020-01-21,2020-02-04,10,0.024535609185735,reverted
mean_reversion,-1,2020-02-10,2020-02-21,8,-0.013586368520416,reverted
vol_breakout,-1,2020-02-25,2020-03-03,5,0.0429633323913839,trailing_stop
vol_breakout,1,2020-03-03,2020-03-05,2,0.012825864437719103,regime_flip
vol_breakout,-1,2020-03-06,2020-03-13,5,0.19804404937797648,max_hold
vol_breakout,-1,2020-03-13,2020-03-16,1,-0.0888084069492354,trailing_stop
vol_breakout,1,2020-03-16,2020-03-17,1,-0.127652197472817,trailing_stop
vol_breakout,-1,2020-03-17,2020-03-24,5,0.06435832378893121,max_hold
mean_reversion,-1,2020-03-31,2020-04-01,1,0.0161423107884157,regime_flip
vol_breakout,-1,2020-04-02,2020-04-07,3,-0.0752880403758462,regime_flip
mean_reversion,-1,2020-04-14,2020-04-23,7,-0.013551936491258399,reverted
mean_reversion,-1,2020-05-21,2020-06-05,10,-0.0462741696057393,max_hold
mean_reversion,-1,2020-06-08,2020-06-22,10,0.030579301849791005,max_hold
mean_reversion,-1,2020-07-07,2020-07-21,10,-0.0224278836238445,max_hold
mean_reversion,-1,2020-08-07,2020-08-20,9,-0.007641365945207902,reverted
mean_reversion,-1,2020-08-27,2020-09-11,10,0.040939033975696704,max_hold
mean_reversion,1,2020-09-11,2020-09-17,4,0.013770404221458902,reverted
mean_reversion,-1,2020-10-14,2020-10-19,3,0.0080391851416425,reverted
vol_breakout,-1,2020-10-29,2020-10-30,1,-0.0118765249399981,regime_flip
mean_reversion,-1,2020-11-05,2020-11-19,10,-0.0354754127297241,reverted
mean_reversion,-1,2021-01-12,2021-01-15,3,0.0010717546514486002,reverted
mean_reversion,-1,2021-01-26,2021-02-03,6,0.007563508114296695,reverted
mean_reversion,-1,2021-02-08,2021-02-19,8,-0.006958261181351301,reverted
vol_breakout,-1,2021-02-26,2021-03-01,1,0.0047615322937986,regime_flip
vol_breakout,-1,2021-03-04,2021-03-08,2,-0.0058003182743195,regime_flip
mean_reversion,-1,2021-03-12,2021-03-25,9,0.012825193022534199,regime_flip
mean_reversion,-1,2021-04-08,2021-04-21,9,-0.013388082450672906,reverted
vol_breakout,-1,2021-05-13,2021-05-17,2,-0.0269074231417167,regime_flip
mean_reversion,-1,2021-06-28,2021-07-13,10,-0.023988623725106097,max_hold
mean_reversion,1,2021-07-20,2021-07-22,2,0.0232568476669427,reverted
mean_reversion,-1,2021-07-27,2021-08-02,4,0.006133244376717899,reverted
mean_reversion,-1,2021-08-26,2021-09-08,8,-0.005288225005685499,reverted
vol_breakout,-1,2021-09-21,2021-09-23,2,-0.0086618965656716,regime_flip
vol_breakout,-1,2021-09-29,2021-10-04,3,-0.0010127035046031997,regime_flip
vol_breakout,-1,2021-10-05,2021-10-06,1,-0.0104695174986009,regime_flip
mean_reversion,-1,2021-10-20,2021-10-28,6,-0.0070663280442494,reverted
mean_reversion,-1,2021-11-04,2021-11-15,7,-0.0047691992556619985,reverted
mean_reversion,1,2021-11-29,2021-12-02,3,-0.017915086562982803,regime_flip
vol_breakout,-1,2021-12-02,2021-12-07,3,-0.0172727825640049,regime_flip
mean_reversion,-1,2021-12-09,2021-12-16,5,-0.001836167040160399,reverted
mean_reversion,-1,2021-12-29,2022-01-04,4,-0.0021308693568665993,reverted
vol_breakout,-1,2022-01-06,2022-01-10,2,0.005022674822516299,regime_flip
vol_breakout,-1,2022-01-24,2022-01-31,5,-0.007680889990282901,trailing_stop
vol_breakout,1,2022-01-31,2022-02-01,1,0.0187098262229845,regime_flip
mean_reversion,-1,2022-02-03,2022-02-08,3,0.023258374208085197,reverted
vol_breakout,-1,2022-02-18,2022-02-25,4,0.0211243275949451,regime_flip
vol_breakout,-1,2022-03-08,2022-03-10,2,-0.0181135541464421,regime_flip
vol_breakout,1,2022-03-16,2022-03-17,1,0.0221369216483928,regime_flip
mean_reversion,-1,2022-03-21,2022-04-01,9,-0.014964378328596002,reverted
vol_breakout,-1,2022-04-12,2022-04-14,2,-0.007689302738448601,regime_flip
vol_breakout,-1,2022-04-25,2022-04-29,4,-0.0036732605813121037,trailing_stop
vol_breakout,1,2022-04-29,2022-05-02,1,-0.0369591597846952,trailing_stop
vol_breakout,-1,2022-05-02,2022-05-05,3,-0.0399098859265051,regime_flip
vol_breakout,-1,2022-05-06,2022-05-13,5,0.053694059282957306,max_hold
vol_breakout,1,2022-05-16,2022-05-18,2,0.0160147110637396,regime_flip
vol_breakout,-1,2022-05-19,2022-05-26,5,-0.013932696472076999,max_hold
mean_reversion,-1,2022-05-31,2022-06-07,5,0.008891731022057401,reverted
vol_breakout,-1,2022-06-10,2022-06-17,5,0.0914283131182446,max_hold
vol_breakout,-1,2022-06-17,2022-06-24,4,-0.0345655746918839,trailing_stop
vol_breakout,-1,2022-06-29,2022-07-06,4,-0.0025715213362930006,regime_flip
mean_reversion,-1,2022-07-22,2022-07-27,3,0.0196723269197711,reverted
mean_reversion,-1,2022-08-01,2022-08-08,5,-0.0036009798778009004,reverted
mean_reversion,-1,2022-08-15,2022-08-23,6,0.0337778135586149,regime_flip
vol_breakout,-1,2022-08-23,2022-08-24,1,0.0022403704344373,regime_flip
mean_reversion,1,2022-08-24,2022-08-29,3,-0.017363417782208398,regime_flip
vol_breakout,-1,2022-08-29,2022-09-06,5,0.0334286302011237,max_hold
vol_breakout,1,2022-09-08,2022-09-09,1,0.0065889668804413,regime_flip
mean_reversion,-1,2022-09-13,2022-09-14,1,0.0441991630319744,regime_flip
vol_breakout,-1,2022-09-14,2022-09-21,5,0.019711449876862103,max_hold
vol_breakout,1,2022-09-29,2022-10-03,2,-0.0365341463693073,trailing_stop
vol_breakout,1,2022-10-04,2022-10-05,1,0.0301253414168005,regime_flip
vol_breakout,-1,2022-10-10,2022-10-17,5,0.015670252633039703,max_hold
vol_breakout,-1,2022-10-17,2022-10-19,2,-0.0374982927646491,trailing_stop
vol_breakout,-1,2022-11-03,2022-11-07,2,-0.0028844007536062005,regime_flip
mean_reversion,-1,2022-11-11,2022-11-18,5,0.0024826395815830023,reverted
vol_breakout,-1,2022-12-16,2022-12-22,4,0.004453219520170798,regime_flip
vol_breakout,-1,2022-12-23,2022-12-27,1,-0.0058509522719152,regime_flip
mean_reversion,-1,2023-01-13,2023-01-19,3,0.0137286302640849,reverted
mean_reversion,-1,2023-01-27,2023-01-31,2,0.0105618352935881,reverted
vol_breakout,-1,2023-03-08,2023-03-15,5,0.016970546851320295,max_hold
vol_breakout,1,2023-03-15,2023-03-17,2,0.010404212319677699,regime_flip
mean_reversion,-1,2023-04-03,2023-04-11,5,4.8718686668999985e-05,reverted
mean_reversion,-1,2023-06-05,2023-06-12,5,-0.0038432174473469996,reverted
mean_reversion,-1,2023-06-15,2023-06-22,4,0.0015792361763224006,reverted
mean_reversion,-1,2023-07-03,2023-07-10,4,0.0116235389765683,reverted
mean_reversion,-1,2023-07-14,2023-07-26,8,-0.0126512118372444,reverted
mean_reversion,-1,2023-09-01,2023-09-14,8,0.0089626820081055,reverted
vol_breakout,-1,2023-09-22,2023-09-26,2,-0.0017167568010468,regime_flip
vol_breakout,-1,2023-09-27,2023-09-29,2,-0.0061051649152954,regime_flip
vol_breakout,-1,2023-10-04,2023-10-05,1,-0.0080770476078289,regime_flip
vol_breakout,-1,2023-10-23,2023-10-25,2,-0.0055525314541942,regime_flip
vol_breakout,-1,2023-10-26,2023-11-01,4,-0.001677639337767601,regime_flip
mean_reversion,-1,2023-11-03,2023-11-17,10,-0.0431655539122545,max_hold
mean_reversion,-1,2023-11-17,2023-11-29,7,-0.0102945257143269,reverted
mean_reversion,-1,2023-12-14,2023-12-21,5,0.0018584454663806513,reverted
mean_reversion,-1,2024-01-24,2024-02-02,7,-0.008513148837353601,reverted
mean_reversion,-1,2024-02-08,2024-02-14,4,0.0084216758936115,reverted
mean_reversion,-1,2024-03-25,2024-04-01,4,-0.0038460959186288994,reverted
mean_reversion,-1,2024-05-09,2024-05-23,10,-0.022743902940000102,reverted
mean_reversion,-1,2024-06-07,2024-06-24,10,-0.020644935620779698,max_hold
mean_reversion,-1,2024-07-08,2024-07-22,10,0.011233657612320896,max_hold
mean_reversion,1,2024-07-25,2024-08-08,10,-0.04284796038587399,max_hold
mean_reversion,1,2024-08-08,2024-08-12,2,0.0274419380252801,reverted
mean_reversion,-1,2024-08-15,2024-08-23,6,-0.0209388649626179,reverted
mean_reversion,-1,2024-09-16,2024-09-30,10,-0.019738062096577,max_hold
mean_reversion,-1,2024-10-15,2024-10-22,5,0.0010022541969157,reverted
mean_reversion,-1,2024-11-08,2024-11-22,10,0.00409168920273319,reverted
mean_reversion,1,2024-12-19,2024-12-26,4,0.0281880754026032,reverted
mean_reversion,-1,2025-01-22,2025-01-28,4,0.0061286744700554,reverted
mean_reversion,1,2025-02-28,2025-03-11,7,-0.0430542217808457,regime_flip
vol_breakout,-1,2025-03-11,2025-03-13,2,0.0027216789780447,regime_flip
vol_breakout,-1,2025-04-04,2025-04-10,4,-0.011126540051787398,regime_flip
vol_breakout,-1,2025-04-22,2025-04-23,1,-0.0248069521254503,regime_flip
mean_reversion,-1,2025-04-29,2025-05-12,9,-0.0234462684346448,reverted
mean_reversion,-1,2025-05-14,2025-05-29,10,-0.00033969988969499883,max_hold
mean_reversion,-1,2025-06-27,2025-07-09,7,-0.013666120814839602,reverted
mean_reversion,1,2025-08-04,2025-08-07,3,0.017015382930806,reverted
mean_reversion,-1,2025-08-11,2025-08-25,10,-0.012050206455141502,reverted
mean_reversion,1,2025-10-13,2025-10-23,8,0.022169808990621973,reverted
mean_reversion,-1,2025-10-30,2025-11-04,3,0.0056204565097336,reverted
mean_reversion,-1,2025-12-01,2025-12-08,5,-0.0031065405676196996,reverted
mean_reversion,-1,2025-12-26,2025-12-31,3,0.0051791870517002,reverted
mean_reversion,1,2026-01-21,2026-01-23,2,0.0169936183414626,reverted
mean_reversion,-1,2026-01-28,2026-02-02,3,0.005686373248620243,reverted
vol_breakout,-1,2026-03-09,2026-03-10,1,-0.008269871665389,regime_flip
vol_breakout,-1,2026-03-13,2026-03-16,1,0.0060775463985027,regime_flip
vol_breakout,-1,2026-03-19,2026-03-24,3,0.006618407836596001,regime_flip
vol_breakout,-1,2026-03-27,2026-04-01,3,-0.007898107530392603,regime_flip
mean_reversion,-1,2026-04-08,2026-04-22,10,-0.0653934051019272,max_hold
mean_reversion,-1,2026-05-07,2026-05-18,7,-0.005872630694625496,reverted
mean_reversion,-1,2026-05-28,2026-06-05,6,-0.008467656393902102,reverted
mean_reversion,1,2026-06-08,2026-06-23,10,0.011988111561356197,reverted
mean_reversion,-1,2026-08-05,2026-08-12,5,0.0010759748518987993,reverted
