market_id,condition_id,question,token_id,outcome_index,outcome_label,category,report_bucket,entry_time,resolution_time,holding_days,entry_price,data_source,days_to_scheduled_end_at_entry,desired_shares,shares,depth_capped,cap_shares,notional,fee_frac,fee_cost,gas_cost,won,resolved_outcome_index,payout,pnl_gross,pnl_net,flip_market_id,flip_question,flip_slug,flip_description,flip_resolutionSource,flip_umaResolutionStatus,flip_umaResolutionStatuses,flip_heuristic_category
504387,0x1eb1f948e9330cccdaef1852f14563e1c32bd3e2a45138403eaa242d67315191,Will Kamala Harris go on SNL?,35221814565141125482555519604089108397618039779577895876875574968540920741935,1,No,other,other,2024-11-01 18:46:03+00:00,2024-11-03 05:56:16+00:00,1.4654282407407409,0.9925,fine_zoom,0.7180208333333333,100.75566750629723,100.75566750629723,False,738.307545,100.0,0.0,0.0,0.0,False,0,0.0,-100.0,-100.0,504387,Will Kamala Harris go on SNL?,will-kamala-go-on-snl,"This market will resolve to ""Yes"" if Kamala Harris makes an in-person appearance on Saturday Night Live by November 2, 2024, 11:59 PM ET. Otherwise, this market will resolve to ""No."" 

Virtual appearances will not qualify.

The primary resolution source will be a released episode of SNL which features Kamala Harris. ",,resolved,[],needs_manual_review
574955,0x1028c1fd5c98c7d589c287e57576dc1515354d23761d7993f7675b7a8f2c8e8d,Will Ethereum reach $4600 August 11–17?,113446839762240694871514664152245520841589876335632548212217470908915197292093,1,No,crypto,crypto_price,2025-08-11 12:36:03+00:00,2025-08-12 22:19:13+00:00,1.404976851851852,0.995,fine_direct,6.641631944444445,100.50251256281408,100.50251256281408,False,,100.0,0.0,0.0,0.0,False,0,0.0,-100.0,-100.0,574955,Will Ethereum reach $4600 August 11–17?,will-ethereum-reach-4600-august-1117-369-696-572-145-293-592-487,"This market will immediately resolve to “Yes” if any Binance 1-minute candle for Ethereum (ETH/USDT) during the date range specified in the title (from 6:30 AM ET on the first date to 11:59 PM ET on the last) has a final “High” price equal to or greater than the price specified in the title. Otherwise, this market will resolve to “No”.

The resolution source for this market is Binance, specifically the ETH/USDT ""High"" prices available at https://www.binance.com/en/trade/ETH_USDT, with the chart ",,resolved,['proposed'],needs_manual_review
1425365,0x9caae56c65078595273182113b97863a71268e8379b00d4f97ed9332faba2a6c,Will the highest temperature in New York City be between 46-47°F on February 26?,114611838867926235817063493323342654966765241391610947662679821827951651518087,1,No,other,other,2026-02-24 11:50:31+00:00,2026-02-27 08:22:15+00:00,2.8553703703703706,0.991,fine_direct,2.0065856481481483,100.90817356205852,100.90817356205852,False,200.0,100.0,0.0,0.0,0.0,False,0,0.0,-100.0,-100.0,1425365,Will the highest temperature in New York City be between 46-47°F on February 26?,highest-temperature-in-nyc-on-february-26-2026-46-47f,"This market will resolve to the temperature range that contains the highest temperature recorded at the LaGuardia Airport Station in degrees Fahrenheit on 26 Feb '26.

The resolution source for this market will be information from Wunderground, specifically the highest temperature recorded for all times on this day by the Forecast for the LaGuardia Airport Station once information is finalized, available here: https://www.wunderground.com/history/daily/us/ny/new-york-city/KLGA.

To toggle betwee",https://www.wunderground.com/history/daily/us/ny/new-york-city/KLGA,resolved,['proposed'],needs_manual_review
1649053,0x558caa002ce092d99424d48c17b508b02e520036b895676572ca8dcdc98ad47b,Will the highest temperature in Buenos Aires be 27°C on March 23?,1784112437484165079369495484598396624289281315455564713348904702165484483696,1,No,other,other,2026-03-23 15:37:25+00:00,2026-03-24 05:49:19+00:00,0.5915972222222222,0.99,fine_direct,-0.1509837962962963,101.01010101010101,101.01010101010101,False,,100.0,0.0,0.0,0.0,False,0,0.0,-100.0,-100.0,1649053,Will the highest temperature in Buenos Aires be 27°C on March 23?,highest-temperature-in-buenos-aires-on-march-23-2026-27c,"This market will resolve to the temperature range that contains the highest temperature recorded at the Minister Pistarini Intl Airport Station in degrees Celsius on 23 Mar '26.

The resolution source for this market will be information from Wunderground, specifically the highest temperature recorded for all times on this day by the Forecast for the Minister Pistarini Intl Airport Station once information is finalized, available here: https://www.wunderground.com/history/daily/ar/ezeiza/SAEZ.

T",https://www.wunderground.com/history/daily/ar/ezeiza/SAEZ,resolved,['proposed'],needs_manual_review
2412396,0x3542e6e2b239c77b5cc1ee6dd16e88a35bb2f61d5c9d343e153745b27dad5d8e,Will there be exactly 2 earthquakes of magnitude 6.5 or higher worldwide from June 1 - 7?,71178657078846789071040216152792465872586518331052997256949570855562079221817,1,No,other,other,2026-06-07 23:11:03+00:00,2026-06-09 06:09:07+00:00,1.290324074074074,0.9955,fine_direct,0.19996527777777778,100.45203415369161,100.45203415369161,False,,100.0,0.0,0.0,0.0,False,0,0.0,-100.0,-100.0,2412396,Will there be exactly 2 earthquakes of magnitude 6.5 or higher worldwide from June 1 - 7?,will-there-be-exactly-2-earthquakes-of-magnitude-6pt5-or-higher-worldwide-from-june-1-7,"This market will resolve according to the total number of earthquakes with a magnitude of 6.5 or higher that occur anywhere on Earth between June 1, 2026, 12:00 AM ET, and June 7, 2026, 11:59 PM ET.

The resolution source for this market is the United States Geological Survey (USGS) Earthquake Hazards Program (https://earthquake.usgs.gov/earthquakes/browse/significant.php#sigdef).

If an earthquake of substantial size has occurred within this market's timeframe but not yet appeared on the resolu",,resolved,['proposed'],needs_manual_review
2961065,0x18b8839aef5fcfd10a67de79d5c64ff778b67960f4d2c67ce7b69bc382c47a33,Exact Score: CA Talleres 1 - 3 CA Vélez Sarsfield?,57349039255730625130364040204121352092943076235244632327468434361530643632570,1,No,other,other,2026-07-30 22:04:08+00:00,2026-07-31 00:14:59+00:00,0.09086805555555555,0.99,fine_zoom,-0.0028703703703703703,101.01010101010101,101.01010101010101,False,,100.0,0.0,0.0,0.0,False,0,0.0,-100.0,-100.0,2961065,Exact Score: CA Talleres 1 - 3 CA Vélez Sarsfield?,arg-tal-vel-2026-07-30-exact-score-1-3,"In the upcoming Primera División Argentina game between CA Talleres and CA Vélez Sarsfield, scheduled for July 30, 2026 at 6:00 PM ET: This market will resolve based on the final score of the CA Talleres vs. CA Vélez Sarsfield match originally scheduled for July 30, 2026 at 6:00 PM ET, considering only the result at the end of 90 minutes of regulation plus stoppage time; extra time and penalty shoot-outs are excluded. If the actual score is not one of the explicitly listed outcomes, the market r",,resolved,['proposed'],needs_manual_review
2993034,0x34f5aff199b2f0011751bab45bcbfe302baf7fd9182f7c095368d7a239fd3149,Exact Score: Molde FK 3 - 3 Sarpsborg 08 FF?,20197535834545388031191514953669057244629414775181277425803818304595055114091,1,No,other,other,2026-08-02 15:10:11+00:00,2026-08-02 19:02:12+00:00,0.1611226851851852,0.99,fine_zoom,-0.007071759259259259,101.01010101010101,101.01010101010101,False,,100.0,0.0,0.0,0.0,False,0,0.0,-100.0,-100.0,2993034,Exact Score: Molde FK 3 - 3 Sarpsborg 08 FF?,nor-mol-sar-2026-08-02-exact-score-3-3,"In the upcoming Norway Eliteserien game between Molde FK and Sarpsborg 08 FF, scheduled for August 2, 2026 at 11:00 AM ET: This market will resolve based on the final score of the Molde FK vs. Sarpsborg 08 FF match originally scheduled for August 2, 2026 at 11:00 AM ET, considering only the result at the end of 90 minutes of regulation plus stoppage time; extra time and penalty shoot-outs are excluded. If the actual score is not one of the explicitly listed outcomes, the market resolves to ""Any ",,resolved,['proposed'],needs_manual_review
